Ward_ID,Year,Month,Actual_Cases,Linear Regression,GBM,Random Forest,XGBoost,MLP
159,2022,4,25.0,18.31,18.44,15.94,18.31,19.04
159,2022,5,19.0,22.63,22.4,21.78,21.2,19.69
159,2022,6,38.0,38.57,38.8,40.41,37.4,40.57
159,2022,7,57.0,57.67,58.64,59.75,58.27,57.81
159,2022,8,65.0,61.47,61.97,60.06,61.72,60.54
159,2022,9,74.0,78.96,77.88,77.45,78.66,77.75
159,2022,10,56.0,54.17,58.69,59.03,59.09,58.19
159,2022,11,49.0,54.16,54.95,55.91,55.36,54.67
159,2022,12,24.0,35.64,35.74,39.04,35.55,35.03
159,2023,1,18.0,20.52,21.92,19.23,22.8,21.58
159,2023,2,4.0,7.88,8.54,9.93,9.0,9.31
159,2023,3,10.0,14.19,16.76,14.26,16.49,13.06
159,2023,4,15.0,8.9,8.44,10.71,8.2,8.47
159,2023,5,19.0,12.14,15.95,14.93,15.55,13.14
159,2023,6,51.0,53.61,49.55,52.39,52.21,49.79
159,2023,7,52.0,56.72,58.78,58.24,58.49,56.9
159,2023,8,60.0,64.7,64.43,63.21,63.2,64.24
159,2023,9,60.0,53.3,52.69,51.9,52.44,52.68
159,2023,10,41.0,40.99,44.44,42.66,43.98,42.33
159,2023,11,30.0,25.99,24.03,24.56,23.36,24.52
159,2023,12,26.0,24.55,22.19,23.87,23.87,22.59
160,2021,3,9.0,16.69,17.71,15.48,17.04,18.6
160,2021,4,18.0,20.75,22.71,22.18,22.79,19.89
160,2021,5,23.0,13.95,17.04,16.13,16.24,13.57
160,2021,6,53.0,45.57,42.84,38.55,42.78,44.83
160,2021,7,67.0,73.77,68.89,73.09,66.69,75.33
160,2021,8,93.0,85.19,82.09,82.04,82.83,83.86
160,2021,9,69.0,67.5,69.81,69.77,70.87,65.7
160,2021,10,71.0,75.77,76.69,78.03,77.58,79.7
160,2021,11,40.0,42.45,46.21,47.59,47.92,44.69
160,2021,12,26.0,34.92,29.64,28.41,30.95,31.17
160,2022,1,12.0,13.35,15.6,13.86,14.87,14.5
160,2022,2,21.0,16.48,16.79,19.3,17.07,17.48
160,2022,3,31.0,28.22,27.12,26.35,26.4,25.88
160,2022,4,27.0,27.39,26.74,27.7,27.18,27.73
160,2022,5,22.0,22.35,21.51,21.76,22.09,22.39
160,2022,6,38.0,42.59,39.62,42.33,40.46,41.98
160,2022,7,75.0,71.46,74.52,75.45,74.05,72.88
160,2022,8,38.0,35.0,36.11,39.43,37.11,37.05
160,2022,9,60.0,71.24,63.29,64.43,61.32,69.07
160,2022,10,56.0,52.15,57.34,56.1,55.76,53.82
160,2022,11,41.0,33.94,39.11,35.91,38.6,34.16
160,2022,12,34.0,32.95,30.93,31.89,30.05,28.77
160,2023,1,25.0,25.63,26.71,27.52,27.34,24.88
160,2023,2,38.0,31.49,31.22,30.35,32.22,30.49
160,2023,3,23.0,32.98,31.4,32.92,30.57,32.04
160,2023,4,11.0,9.19,11.17,9.84,11.35,12.51
160,2023,5,35.0,41.76,36.77,38.42,36.11,37.75
160,2023,6,53.0,45.82,47.73,48.97,48.83,46.02
160,2023,7,56.0,54.5,56.09,55.12,55.73,55.14
160,2023,8,37.0,47.22,43.47,50.27,44.12,46.53
160,2023,9,40.0,40.42,39.1,38.17,38.58,40.73
160,2023,10,44.0,42.17,45.3,53.33,45.35,44.56
160,2023,11,71.0,66.19,67.94,68.95,67.27,68.15
160,2023,12,30.0,36.14,39.9,41.39,39.17,35.1
161,2021,3,21.0,24.33,24.41,24.96,24.27,24.43
161,2021,4,26.0,28.87,28.33,29.32,29.02,28.87
161,2021,5,21.0,16.35,17.0,15.62,18.01,16.4
161,2021,6,52.0,49.33,52.58,50.8,52.89,51.59
161,2021,7,57.0,56.11,60.18,59.23,60.61,57.64
161,2021,8,72.0,70.9,71.88,70.46,71.78,69.66
161,2021,9,56.0,56.3,54.16,51.73,52.71,54.59
161,2021,10,55.0,53.05,57.29,52.43,55.71,54.26
161,2021,11,43.0,40.16,43.78,45.54,45.26,42.01
161,2021,12,30.0,35.61,35.88,38.12,34.15,34.33
161,2022,1,29.0,24.33,25.01,25.84,24.68,24.27
161,2022,2,27.0,24.88,24.62,25.75,25.35,24.94
161,2022,3,30.0,24.36,22.74,20.9,22.53,23.95
161,2022,4,13.0,14.65,15.96,14.26,15.17,15.87
161,2022,5,31.0,40.83,36.12,36.48,37.31,36.25
161,2022,6,62.0,56.42,56.37,52.92,56.73,58.31
161,2022,7,78.0,79.63,81.64,79.71,82.38,80.13
161,2022,8,55.0,71.36,67.98,73.64,68.48,67.83
161,2022,9,78.0,76.85,75.11,72.99,76.75,75.22
161,2022,10,48.0,42.3,47.81,44.67,48.74,42.56
161,2022,11,40.0,38.4,36.8,37.68,35.9,36.96
161,2022,12,39.0,40.81,35.43,37.07,34.86,37.36
161,2023,1,18.0,11.8,11.71,11.37,11.5,12.69
161,2023,2,30.0,35.59,32.24,33.66,33.71,33.78
161,2023,3,28.0,22.92,23.46,23.91,23.96,22.14
161,2023,4,13.0,15.73,15.16,14.69,15.1,15.83
161,2023,5,10.0,11.0,12.28,11.35,13.09,12.34
161,2023,6,29.0,30.38,33.11,33.68,32.08,28.75
161,2023,7,39.0,42.91,43.34,47.0,42.56,40.14
161,2023,8,63.0,61.91,65.18,64.38,64.06,64.52
161,2023,9,46.0,45.06,46.48,47.8,46.81,45.45
161,2023,10,64.0,59.21,63.27,60.08,61.09,60.56
161,2023,11,44.0,39.43,45.62,45.17,44.7,43.49
161,2023,12,43.0,42.85,38.74,39.93,39.67,38.95
162,2021,3,0.0,2.77,3.85,6.03,4.27,0.45
162,2021,4,9.0,5.07,6.28,6.83,6.0,8.15
162,2021,5,29.0,17.68,15.34,15.56,15.11,17.09
162,2021,6,34.0,42.48,36.7,44.64,37.44,42.31
162,2021,7,37.0,40.26,39.67,39.78,40.38,39.7
162,2021,8,34.0,37.6,38.21,37.51,37.81,38.82
162,2021,9,45.0,48.98,48.25,49.89,47.42,49.36
162,2021,10,57.0,53.88,55.31,58.57,56.5,55.79
162,2021,11,30.0,28.41,32.26,35.82,33.83,30.92
162,2021,12,14.0,15.58,15.02,16.01,14.96,15.59
162,2022,1,6.0,6.79,9.12,10.17,9.95,8.09
162,2022,2,16.0,12.0,15.61,13.15,14.05,13.16
162,2022,3,7.0,1.64,2.81,3.49,1.94,2.68
162,2022,4,8.0,11.37,12.16,12.19,12.02,12.79
162,2022,5,16.0,14.01,12.06,14.14,11.92,13.51
162,2022,6,40.0,39.42,40.39,41.14,37.89,38.27
162,2022,7,46.0,40.83,42.92,43.97,42.82,41.82
162,2022,8,56.0,58.76,56.2,55.38,57.24,58.23
162,2022,9,62.0,60.49,60.01,58.82,60.47,58.9
162,2022,10,51.0,49.97,50.87,49.1,49.92,51.09
162,2022,11,29.0,29.81,27.52,31.4,29.37,31.83
162,2022,12,18.0,21.28,20.14,19.7,20.29,19.5
162,2023,1,11.0,6.23,10.22,11.0,10.5,7.88
162,2023,2,13.0,11.61,13.57,15.88,14.05,13.28
162,2023,3,11.0,5.78,6.65,5.06,7.15,6.76
162,2023,4,10.0,14.38,13.96,12.24,13.91,14.53
162,2023,5,13.0,12.1,10.12,11.68,10.95,13.12
162,2023,6,31.0,28.18,28.36,28.73,29.76,30.21
162,2023,7,42.0,41.64,44.08,46.29,44.52,42.39
162,2023,8,60.0,56.94,56.05,57.49,55.82,56.58
162,2023,9,70.0,67.01,66.15,65.13,65.76,66.87
162,2023,10,41.0,41.13,45.6,44.51,46.06,44.83
162,2023,11,34.0,34.52,36.43,34.17,36.06,34.29
162,2023,12,23.0,25.57,21.34,20.69,20.06,22.84
163,2021,3,7.0,6.92,6.59,5.9,6.52,5.89
163,2021,4,20.0,17.04,17.55,14.91,17.28,15.93
163,2021,5,15.0,21.34,20.09,20.96,18.99,17.97
163,2021,6,32.0,36.53,36.03,39.12,38.38,38.32
163,2021,7,66.0,59.48,62.92,63.65,63.21,58.64
163,2021,8,66.0,68.31,69.93,69.92,70.59,67.16
163,2021,9,64.0,63.93,60.38,57.23,59.03,61.6
163,2021,10,57.0,55.99,57.14,51.83,56.3,57.74
163,2021,11,35.0,32.4,35.94,37.55,36.62,34.16
163,2021,12,14.0,21.03,18.84,19.34,19.94,20.35
163,2022,1,7.0,8.97,11.61,13.18,11.28,11.13
163,2022,2,12.0,11.95,12.53,13.24,12.92,13.66
163,2022,3,3.0,3.07,4.59,6.39,4.62,3.43
163,2022,4,8.0,9.05,9.13,9.35,9.42,9.03
163,2022,5,25.0,14.51,15.56,14.6,15.64,15.64
163,2022,6,37.0,34.1,35.34,35.13,35.01,34.44
163,2022,7,46.0,43.8,46.12,44.97,46.15,44.33
163,2022,8,41.0,38.99,38.52,37.33,38.12,40.23
163,2022,9,43.0,45.5,45.9,42.6,44.02,45.84
163,2022,10,52.0,56.4,59.85,60.65,59.47,57.52
163,2022,11,43.0,39.14,41.42,40.3,41.23,40.13
163,2022,12,17.0,23.87,22.13,20.75,21.15,20.97
163,2023,1,13.0,14.12,15.19,14.21,14.74,15.42
163,2023,2,10.0,9.14,11.52,11.41,11.44,10.88
163,2023,3,6.0,4.63,4.01,6.5,4.17,5.98
163,2023,4,9.0,9.03,8.03,7.53,7.76,8.61
163,2023,5,21.0,13.78,14.67,13.77,14.66,13.86
163,2023,6,31.0,33.4,35.68,36.87,36.03,34.01
163,2023,7,62.0,61.91,61.43,58.65,60.93,61.44
163,2023,8,50.0,49.63,50.7,50.56,50.24,47.01
163,2023,9,48.0,52.32,55.7,54.4,54.62,52.27
163,2023,10,38.0,35.69,35.54,34.5,34.63,36.01
163,2023,11,39.0,40.87,39.39,41.65,39.62,38.44
163,2023,12,20.0,16.63,17.16,17.43,16.63,14.93
164,2021,3,19.0,17.9,16.99,16.13,16.68,17.13
164,2021,4,17.0,8.39,8.64,8.8,9.35,11.36
164,2021,5,22.0,22.17,20.69,21.92,21.78,21.85
164,2021,6,54.0,46.34,46.93,43.87,45.51,46.68
164,2021,7,61.0,53.6,55.74,52.17,55.91,53.94
164,2021,8,32.0,38.13,38.72,37.89,37.69,38.41
164,2021,9,24.0,37.72,36.95,34.1,35.58,38.11
164,2021,10,23.0,28.94,31.42,30.84,30.85,26.4
164,2021,11,45.0,35.89,39.03,40.51,42.08,34.57
164,2021,12,27.0,20.77,21.48,23.38,23.5,19.53
164,2022,1,5.0,11.42,13.04,12.42,12.28,13.15
164,2022,2,25.0,10.1,10.29,10.64,11.09,14.97
164,2022,3,16.0,15.62,15.77,16.01,15.25,14.41
164,2022,4,16.0,12.41,11.82,10.74,12.98,15.14
164,2022,5,25.0,22.92,21.86,22.2,22.38,22.96
164,2022,6,44.0,39.91,42.14,42.48,42.17,42.29
164,2022,7,45.0,46.6,48.99,48.79,47.85,46.25
164,2022,8,53.0,51.36,51.07,50.8,51.88,47.74
164,2022,9,50.0,64.53,58.55,61.81,59.55,60.73
164,2022,10,51.0,46.2,48.09,47.51,47.9,48.52
164,2022,11,38.0,34.38,35.34,37.37,37.4,36.07
164,2022,12,19.0,24.91,22.1,25.12,23.64,22.99
164,2023,1,15.0,12.39,12.88,12.86,12.3,14.37
164,2023,2,8.0,6.7,8.24,8.34,8.27,9.38
164,2023,3,16.0,14.92,13.23,12.64,12.66,14.41
164,2023,4,25.0,12.42,13.44,14.03,13.58,14.76
164,2023,5,20.0,21.54,20.99,21.37,20.9,21.2
164,2023,6,19.0,34.7,30.88,33.66,29.94,32.91
164,2023,7,36.0,40.77,35.8,39.86,36.38,38.01
164,2023,8,38.0,41.02,37.87,43.12,38.41,38.09
164,2023,9,42.0,49.58,43.44,50.59,42.7,46.54
164,2023,10,36.0,35.15,35.19,38.57,35.62,34.19
164,2023,11,33.0,30.08,31.19,33.82,31.34,31.44
164,2023,12,18.0,23.14,20.79,23.23,23.17,20.62
165,2021,3,21.0,21.37,22.1,23.49,21.87,19.58
165,2021,4,18.0,18.01,21.01,21.52,21.31,17.62
165,2021,5,18.0,22.36,24.82,25.0,24.85,21.77
165,2021,6,43.0,46.88,43.04,47.19,43.77,44.35
165,2021,7,80.0,77.9,81.15,84.53,81.67,81.22
165,2021,8,49.0,45.51,49.99,47.72,49.77,46.56
165,2021,9,62.0,64.44,64.32,62.09,63.61,64.12
165,2021,10,68.0,63.58,67.43,60.73,64.08,63.86
165,2021,11,60.0,59.09,59.04,57.49,59.13,57.08
165,2021,12,55.0,61.21,55.88,51.75,55.74,54.98
165,2022,1,30.0,33.75,36.31,35.99,35.97,32.17
165,2022,2,26.0,38.59,35.92,36.89,36.66,36.45
165,2022,3,26.0,25.34,26.85,27.43,27.34,25.88
165,2022,4,33.0,36.84,39.04,38.9,38.55,35.15
165,2022,5,21.0,17.14,19.32,21.43,19.8,18.73
165,2022,6,47.0,52.06,52.17,52.36,52.44,52.94
165,2022,7,69.0,62.44,67.87,69.5,68.28,65.02
165,2022,8,84.0,80.63,84.52,84.41,85.41,80.02
165,2022,9,60.0,66.07,65.53,65.66,67.25,65.36
165,2022,10,55.0,58.12,59.36,56.5,57.67,59.35
165,2022,11,30.0,32.43,36.71,37.71,35.51,33.11
165,2022,12,32.0,35.61,31.56,30.56,33.11,33.68
165,2023,1,37.0,32.6,37.27,38.65,36.13,33.5
165,2023,2,10.0,9.48,12.2,11.91,12.66,12.1
165,2023,3,54.0,52.86,47.37,43.16,45.97,52.01
165,2023,4,37.0,29.01,32.31,35.26,32.01,28.13
165,2023,5,39.0,49.02,42.06,43.16,42.78,46.11
165,2023,6,77.0,70.35,72.62,67.72,70.43,74.15
165,2023,7,80.0,84.01,88.39,91.71,87.69,89.04
165,2023,8,89.0,82.17,79.7,79.41,85.05,82.82
165,2023,9,82.0,81.93,75.4,81.82,75.35,80.72
165,2023,10,44.0,53.95,51.16,53.96,52.01,55.97
165,2023,11,40.0,39.76,46.07,46.34,46.22,42.25
165,2023,12,49.0,50.73,45.37,46.31,46.18,46.03
166,2021,3,23.0,16.35,15.36,15.4,14.83,16.3
166,2021,4,8.0,17.32,17.7,18.96,18.13,19.28
166,2021,5,30.0,30.58,28.86,28.58,29.5,30.94
166,2021,6,62.0,55.53,55.42,56.38,56.74,52.97
166,2021,7,52.0,55.94,56.14,56.11,56.05,56.6
166,2021,8,49.0,52.54,50.17,51.51,49.32,50.76
166,2021,9,61.0,61.42,60.52,59.8,61.18,61.13
166,2021,10,68.0,59.71,65.35,62.9,63.51,61.24
166,2021,11,41.0,38.99,41.76,40.77,41.02,40.09
166,2021,12,42.0,38.04,32.43,31.0,32.87,34.65
166,2022,1,21.0,16.63,16.06,14.12,15.43,17.53
166,2022,2,15.0,12.56,13.65,12.23,13.33,14.24
166,2022,3,16.0,11.87,12.19,11.21,12.58,13.71
166,2022,4,8.0,10.84,11.28,11.02,11.42,10.14
166,2022,5,33.0,24.87,23.54,23.2,24.13,24.7
166,2022,6,41.0,43.42,45.44,45.24,45.25,43.32
166,2022,7,59.0,62.35,63.94,64.29,63.8,64.04
166,2022,8,52.0,47.64,49.32,50.41,51.02,48.57
166,2022,9,45.0,46.92,44.15,41.76,46.07,48.49
166,2022,10,41.0,44.24,43.31,42.74,44.31,44.45
166,2022,11,47.0,46.67,50.19,49.93,50.77,49.06
166,2022,12,34.0,31.28,30.55,32.51,32.6,27.83
166,2023,1,17.0,18.22,18.93,19.5,19.58,19.7
166,2023,2,21.0,21.15,22.49,20.9,22.72,21.39
166,2023,3,23.0,22.05,20.8,21.33,21.57,21.98
166,2023,4,12.0,11.95,13.17,14.1,13.27,13.16
166,2023,5,22.0,26.68,26.1,24.34,26.46,26.65
166,2023,6,39.0,35.43,31.45,33.31,31.46,36.29
166,2023,7,38.0,39.52,42.48,42.51,42.21,40.61
166,2023,8,41.0,37.73,39.94,36.82,38.51,38.14
166,2023,9,45.0,57.02,54.51,54.4,53.83,57.25
166,2023,10,50.0,46.69,48.21,51.81,49.02,48.26
166,2023,11,42.0,42.07,43.99,44.61,44.27,41.18
166,2023,12,24.0,25.95,26.21,28.93,26.27,26.0
167,2021,3,16.0,9.74,10.37,9.78,11.44,11.67
167,2021,4,7.0,7.84,7.38,8.29,6.99,6.18
167,2021,5,31.0,33.53,31.38,29.47,30.32,30.69
167,2021,6,52.0,55.95,58.12,58.46,57.6,58.69
167,2021,7,63.0,52.95,50.08,50.47,52.25,50.34
167,2021,8,58.0,65.02,63.43,64.12,63.9,65.27
167,2021,9,57.0,64.72,55.97,58.81,56.63,59.26
167,2021,10,51.0,47.1,48.47,46.14,48.28,47.29
167,2021,11,42.0,37.28,38.93,38.55,37.59,39.26
167,2021,12,11.0,22.13,19.96,19.38,19.7,20.5
167,2022,1,33.0,27.48,28.06,26.92,28.61,28.52
167,2022,2,30.0,23.77,24.59,24.43,24.09,24.56
167,2022,3,30.0,27.7,24.05,25.99,24.41,27.44
167,2022,4,4.0,6.25,6.6,6.89,6.56,9.8
167,2022,5,18.0,16.69,17.6,16.94,18.55,20.16
167,2022,6,37.0,36.01,38.05,37.85,37.85,35.53
167,2022,7,57.0,46.08,45.85,48.49,46.9,47.46
167,2022,8,72.0,71.6,75.34,70.31,75.5,73.31
167,2022,9,46.0,60.5,50.91,55.01,51.79,55.13
167,2022,10,46.0,46.04,47.39,47.19,46.03,46.49
167,2022,11,32.0,42.87,37.24,40.9,36.31,40.73
167,2022,12,23.0,25.02,25.06,26.32,26.43,24.05
167,2023,1,31.0,20.32,21.03,20.06,22.34,21.0
167,2023,2,7.0,14.41,15.67,18.62,16.22,13.7
167,2023,3,34.0,34.91,30.84,29.43,30.43,33.25
167,2023,4,24.0,14.06,14.36,14.09,14.23,14.67
167,2023,5,31.0,35.23,30.61,30.29,31.18,33.99
167,2023,6,51.0,43.34,43.35,41.28,43.35,45.34
167,2023,7,57.0,46.95,47.29,47.36,47.38,47.79
167,2023,8,66.0,74.19,72.94,70.28,72.89,73.85
167,2023,9,60.0,65.9,67.95,65.68,67.73,64.82
167,2023,10,26.0,28.88,26.76,28.0,27.0,26.15
167,2023,11,38.0,38.79,43.27,41.62,42.57,39.3
167,2023,12,9.0,11.21,11.97,14.32,11.52,10.07
168,2021,3,27.0,27.67,28.32,27.73,29.06,30.13
168,2021,4,30.0,26.02,27.78,26.57,27.37,24.99
168,2021,5,27.0,27.49,26.18,27.41,26.89,26.35
168,2021,6,47.0,49.1,48.91,51.64,50.47,48.71
168,2021,7,67.0,70.19,73.71,74.42,75.05,73.56
168,2021,8,67.0,63.22,67.07,64.15,67.09,64.19
168,2021,9,87.0,85.81,81.5,73.36,79.31,85.79
168,2021,10,67.0,69.21,72.63,68.86,74.17,73.38
168,2021,11,66.0,67.83,68.2,70.82,67.71,72.08
168,2021,12,42.0,44.03,42.21,43.85,43.23,40.14
168,2022,1,25.0,30.54,28.54,29.86,30.48,30.44
168,2022,2,11.0,9.32,11.37,11.18,12.23,12.41
168,2022,3,20.0,30.33,31.4,33.61,32.17,31.78
168,2022,4,23.0,24.49,24.27,23.71,24.1,23.5
168,2022,5,13.0,12.11,14.58,14.8,14.84,11.7
168,2022,6,65.0,56.14,55.1,58.06,60.12,58.53
168,2022,7,62.0,61.27,68.6,68.24,67.02,66.93
168,2022,8,60.0,65.15,65.2,59.44,62.4,65.13
168,2022,9,84.0,78.64,74.63,75.56,75.35,78.25
168,2022,10,73.0,68.15,70.63,71.22,72.03,71.08
168,2022,11,61.0,51.38,51.7,50.0,50.66,47.52
168,2022,12,38.0,45.71,39.55,40.76,40.58,41.37
168,2023,1,26.0,30.15,27.86,28.82,28.41,29.24
168,2023,2,29.0,30.75,32.05,28.77,31.2,30.43
168,2023,3,41.0,38.83,35.78,37.18,35.79,37.84
168,2023,4,30.0,33.29,31.17,31.78,30.76,30.34
168,2023,5,34.0,42.19,35.12,35.94,36.5,38.92
168,2023,6,48.0,49.74,49.86,47.96,49.92,49.64
168,2023,7,47.0,53.47,55.23,53.82,54.82,55.45
168,2023,8,59.0,58.62,58.88,62.74,58.17,57.9
168,2023,9,68.0,67.67,69.49,70.67,71.35,66.74
168,2023,10,68.0,61.76,68.79,68.1,67.44,68.55
168,2023,11,38.0,35.71,35.21,36.87,34.41,33.4
168,2023,12,57.0,58.75,52.77,48.87,51.87,53.8
169,2021,3,9.0,17.28,17.62,18.44,16.83,15.47
169,2021,4,14.0,18.96,20.51,21.65,19.89,18.0
169,2021,5,38.0,38.48,36.81,38.0,37.75,37.81
169,2021,6,43.0,38.33,42.73,41.6,41.29,39.54
169,2021,7,70.0,62.7,61.27,60.21,61.43,61.82
169,2021,8,84.0,82.98,84.4,83.54,84.11,83.66
169,2021,9,85.0,89.75,91.77,91.26,90.87,89.56
169,2021,10,75.0,67.76,72.07,72.29,72.2,70.37
169,2021,11,51.0,56.96,58.08,56.68,58.05,56.71
169,2021,12,56.0,50.64,42.36,43.09,44.83,44.63
169,2022,1,25.0,30.2,31.66,32.78,31.62,29.85
169,2022,2,9.0,18.75,20.61,19.8,20.77,21.05
169,2022,3,35.0,33.79,30.64,30.85,30.75,33.73
169,2022,4,33.0,24.46,26.66,27.64,26.79,24.42
169,2022,5,24.0,22.0,20.83,21.2,20.43,23.65
169,2022,6,71.0,61.0,61.41,61.51,63.53,62.5
169,2022,7,69.0,62.18,66.33,66.99,66.79,63.95
169,2022,8,61.0,60.96,53.91,53.82,54.1,61.17
169,2022,9,38.0,43.03,41.09,43.49,43.39,41.4
169,2022,10,67.0,68.93,70.28,68.68,68.49,71.6
169,2022,11,23.0,24.69,26.78,28.69,25.75,23.19
169,2022,12,28.0,37.02,30.89,30.42,31.15,34.03
169,2023,1,25.0,20.52,25.39,27.31,25.17,22.63
169,2023,2,38.0,38.0,37.14,33.96,37.91,37.38
169,2023,3,26.0,32.71,32.13,32.89,31.76,31.88
169,2023,4,13.0,12.08,12.04,12.7,11.09,11.64
169,2023,5,19.0,17.87,18.29,19.92,20.4,17.16
169,2023,6,30.0,27.78,28.86,28.94,28.55,25.77
169,2023,7,58.0,51.08,52.53,51.97,52.99,50.95
169,2023,8,66.0,64.16,67.53,70.16,68.48,63.82
169,2023,9,85.0,80.4,81.23,80.74,81.24,80.09
169,2023,10,96.0,85.49,87.01,84.96,86.23,89.66
169,2023,11,34.0,38.27,39.22,39.72,41.53,41.23
169,2023,12,33.0,50.68,45.0,44.72,45.16,46.56
170,2021,3,34.0,28.27,26.92,24.05,26.44,26.79
170,2021,4,17.0,17.36,18.47,20.11,18.34,18.21
170,2021,5,19.0,19.14,18.67,16.39,17.95,20.47
170,2021,6,40.0,41.51,41.25,40.18,41.23,41.9
170,2021,7,55.0,49.4,52.58,52.72,51.85,50.13
170,2021,8,75.0,70.59,72.84,71.61,71.71,70.8
170,2021,9,64.0,59.45,59.32,57.91,59.9,56.89
170,2021,10,61.0,62.08,66.12,64.11,65.08,63.22
170,2021,11,53.0,49.88,52.21,52.03,51.52,54.18
170,2021,12,31.0,34.06,31.5,31.71,31.55,33.05
170,2022,1,35.0,29.79,29.57,29.27,29.66,29.69
170,2022,2,21.0,31.07,28.77,29.54,28.55,30.91
170,2022,3,24.0,26.44,25.24,23.72,24.96,26.27
170,2022,4,10.0,12.75,12.31,13.04,12.79,12.5
170,2022,5,21.0,17.89,18.35,16.8,17.6,19.36
170,2022,6,44.0,40.65,48.18,47.17,47.85,38.93
170,2022,7,80.0,72.51,71.75,64.07,68.03,73.78
170,2022,8,44.0,47.22,50.69,51.25,50.13,48.08
170,2022,9,53.0,54.83,50.25,51.3,50.3,51.51
170,2022,10,53.0,54.46,56.09,56.02,57.6,55.62
170,2022,11,12.0,15.52,19.86,22.11,18.75,16.02
170,2022,12,19.0,25.01,22.19,23.81,23.82,24.02
170,2023,1,20.0,18.05,20.03,23.62,19.48,19.34
170,2023,2,27.0,29.74,28.48,29.46,27.42,29.52
170,2023,3,17.0,17.95,17.36,16.1,16.87,18.0
170,2023,4,20.0,16.07,14.34,13.59,13.9,18.28
170,2023,5,28.0,31.98,30.09,29.57,28.45,27.88
170,2023,6,35.0,35.74,34.09,30.5,34.62,36.28
170,2023,7,75.0,71.82,75.05,73.41,75.7,74.51
170,2023,8,52.0,51.33,51.23,51.46,52.51,51.96
170,2023,9,48.0,58.13,49.99,51.77,48.4,54.53
170,2023,10,40.0,37.05,38.1,39.99,39.35,37.73
170,2023,11,49.0,46.01,46.63,47.96,47.91,46.57
170,2023,12,50.0,46.06,42.53,44.79,43.31,45.11
171,2021,3,16.0,18.77,17.49,17.41,17.61,17.33
171,2021,4,8.0,4.03,5.73,4.36,5.4,6.15
171,2021,5,21.0,17.84,18.98,19.69,19.11,19.74
171,2021,6,40.0,43.83,48.0,49.3,49.95,42.71
171,2021,7,67.0,57.94,55.6,56.13,57.41,60.05
171,2021,8,29.0,32.31,37.23,37.85,35.65,32.41
171,2021,9,34.0,48.5,43.34,40.0,43.33,50.76
171,2021,10,41.0,38.68,43.59,44.49,42.85,39.22
171,2021,11,35.0,34.45,38.63,38.18,38.09,34.79
171,2021,12,23.0,26.74,25.31,25.86,25.61,24.47
171,2022,1,9.0,15.62,17.63,17.46,17.41,15.19
171,2022,2,7.0,8.29,10.93,10.59,10.92,10.41
171,2022,3,0.0,3.92,3.33,4.96,3.09,3.32
171,2022,4,13.0,7.5,6.69,7.46,7.17,7.87
171,2022,5,18.0,20.24,19.22,19.98,19.24,16.67
171,2022,6,37.0,36.53,36.48,34.19,35.03,36.22
171,2022,7,33.0,36.63,35.65,38.84,37.09,38.14
171,2022,8,36.0,48.23,47.7,48.12,48.51,48.93
171,2022,9,33.0,41.66,42.16,42.54,42.38,39.74
171,2022,10,48.0,47.28,41.35,43.95,39.99,46.85
171,2022,11,39.0,41.39,45.79,46.48,44.65,41.84
171,2022,12,27.0,33.2,32.03,31.1,34.17,30.09
171,2023,1,9.0,9.19,11.06,12.34,10.53,10.19
171,2023,2,8.0,14.19,15.62,16.19,14.91,15.64
171,2023,3,19.0,16.61,15.84,14.25,15.85,15.9
171,2023,4,9.0,5.62,6.92,6.64,7.33,6.0
171,2023,5,14.0,15.79,17.68,16.48,16.98,16.36
171,2023,6,11.0,10.66,14.7,22.29,15.27,13.56
171,2023,7,34.0,31.92,30.46,28.01,28.4,31.87
171,2023,8,38.0,39.76,39.53,39.47,40.75,40.24
171,2023,9,48.0,50.52,51.26,47.91,50.51,49.2
171,2023,10,52.0,49.52,51.44,51.37,52.11,50.73
171,2023,11,38.0,33.79,33.85,35.52,35.48,35.07
171,2023,12,19.0,23.45,21.21,23.93,22.77,22.13
172,2021,3,18.0,16.21,17.83,21.01,17.86,14.59
172,2021,4,15.0,16.97,18.5,19.04,18.44,15.86
172,2021,5,31.0,32.65,33.07,34.78,31.48,30.53
172,2021,6,60.0,59.94,62.04,59.18,61.76,63.96
172,2021,7,51.0,57.98,65.93,61.85,65.69,61.06
172,2021,8,58.0,61.01,60.88,61.73,59.59,61.83
172,2021,9,83.0,81.98,79.95,74.62,83.1,85.5
172,2021,10,85.0,80.79,83.63,80.18,79.71,85.48
172,2021,11,56.0,57.13,63.56,62.16,63.01,62.56
172,2021,12,45.0,45.9,43.24,36.7,41.07,38.92
172,2022,1,16.0,10.57,8.32,11.14,8.92,11.32
172,2022,2,31.0,31.86,33.16,34.95,32.37,31.16
172,2022,3,11.0,10.57,10.97,11.85,10.73,9.62
172,2022,4,2.0,9.5,9.92,12.41,10.72,8.25
172,2022,5,4.0,5.66,2.81,7.95,6.37,6.36
172,2022,6,58.0,51.97,56.53,55.08,55.66,53.12
172,2022,7,98.0,83.29,88.67,86.34,90.89,87.0
172,2022,8,67.0,67.75,69.84,65.87,68.99,68.63
172,2022,9,74.0,76.33,72.59,66.86,74.37,73.37
172,2022,10,81.0,75.27,73.82,76.27,74.45,78.43
172,2022,11,51.0,45.59,47.18,45.14,45.95,47.67
172,2022,12,50.0,57.61,53.06,51.55,54.12,51.7
172,2023,1,34.0,33.25,37.42,35.5,35.52,32.05
172,2023,2,19.0,22.11,25.32,21.99,24.82,22.05
172,2023,3,28.0,29.9,29.32,28.47,29.04,31.89
172,2023,4,27.0,32.1,34.25,35.0,34.3,31.12
172,2023,5,29.0,34.29,32.79,36.57,34.56,31.45
172,2023,6,64.0,61.55,60.58,58.92,62.28,66.82
172,2023,7,96.0,92.44,95.71,93.83,95.28,96.13
172,2023,8,72.0,72.22,74.51,75.48,75.59,71.97
172,2023,9,36.0,52.87,51.62,50.45,50.21,49.0
172,2023,10,92.0,84.68,80.35,78.64,80.35,89.27
172,2023,11,26.0,21.83,30.06,32.17,29.46,24.44
172,2023,12,35.0,47.6,40.7,42.98,40.09,43.44
173,2021,3,25.0,27.65,25.75,24.9,26.26,25.94
173,2021,4,24.0,21.5,23.42,23.22,23.59,22.36
173,2021,5,27.0,27.53,25.73,25.16,25.66,27.32
173,2021,6,47.0,43.5,44.35,42.02,43.82,44.81
173,2021,7,72.0,68.92,69.87,67.69,67.39,70.62
173,2021,8,58.0,56.06,57.88,58.34,58.0,55.4
173,2021,9,72.0,75.31,73.4,71.82,74.53,72.84
173,2021,10,44.0,38.49,41.72,43.24,42.18,38.94
173,2021,11,43.0,40.35,39.83,38.58,40.64,38.99
173,2021,12,35.0,30.34,26.4,27.19,28.15,28.35
173,2022,1,10.0,10.69,8.75,11.6,9.98,11.42
173,2022,2,27.0,24.06,23.76,22.72,24.32,24.64
173,2022,3,12.0,19.32,19.09,22.13,19.34,17.88
173,2022,4,20.0,21.31,22.48,22.58,22.37,22.45
173,2022,5,21.0,23.32,21.15,21.14,20.5,20.73
173,2022,6,41.0,46.17,46.0,45.83,45.23,43.66
173,2022,7,66.0,58.55,57.91,59.13,58.1,58.64
173,2022,8,80.0,72.63,73.63,72.15,76.07,70.75
173,2022,9,55.0,59.22,61.36,59.64,62.19,58.07
173,2022,10,29.0,35.05,31.08,30.71,30.8,31.92
173,2022,11,30.0,32.93,31.45,36.13,31.6,31.07
173,2022,12,30.0,23.95,23.27,25.68,24.19,21.79
173,2023,1,23.0,18.39,21.11,20.25,21.56,19.35
173,2023,2,17.0,22.14,22.94,23.75,22.98,21.85
173,2023,3,15.0,18.77,20.48,18.6,20.97,18.9
173,2023,4,13.0,15.38,15.95,16.2,16.13,15.25
173,2023,5,29.0,26.38,27.33,26.41,28.06,25.29
173,2023,6,57.0,52.33,54.98,54.06,55.64,54.38
173,2023,7,49.0,47.28,49.88,49.86,49.68,46.76
173,2023,8,60.0,59.43,59.94,60.44,59.48,56.98
173,2023,9,73.0,65.02,65.14,62.48,63.39,63.3
173,2023,10,49.0,46.65,49.18,52.37,48.31,45.32
173,2023,11,55.0,47.11,48.09,46.52,49.68,45.42
173,2023,12,44.0,43.49,38.38,39.74,37.9,40.19
174,2021,3,7.0,11.85,9.68,13.23,9.02,9.66
174,2021,4,5.0,7.93,10.12,10.51,8.11,6.83
174,2021,5,30.0,21.04,22.02,21.52,21.04,22.16
174,2021,6,46.0,47.32,46.15,46.54,45.83,48.48
174,2021,7,63.0,61.79,61.18,60.75,61.07,61.36
174,2021,8,41.0,42.33,41.46,42.76,40.87,41.65
174,2021,9,59.0,65.55,62.81,60.09,61.68,67.08
174,2021,10,61.0,60.72,62.48,59.83,56.34,64.84
174,2021,11,29.0,32.87,34.04,38.58,34.36,36.29
174,2021,12,32.0,36.11,35.61,35.72,37.26,34.17
174,2022,1,15.0,15.05,14.16,13.83,14.56,14.64
174,2022,2,10.0,10.9,12.11,12.17,12.54,13.02
174,2022,3,22.0,18.87,17.61,17.39,18.32,18.43
174,2022,4,11.0,12.32,12.06,14.28,12.37,12.8
174,2022,5,17.0,16.25,15.64,16.42,17.3,20.01
174,2022,6,26.0,29.43,32.46,29.94,30.21,30.16
174,2022,7,43.0,43.54,41.81,39.04,40.35,44.36
174,2022,8,48.0,51.6,46.08,51.0,46.65,50.88
174,2022,9,37.0,40.0,38.36,41.15,38.03,35.13
174,2022,10,56.0,57.97,58.01,58.83,59.42,61.43
174,2022,11,30.0,26.26,27.08,31.65,28.23,25.74
174,2022,12,19.0,24.79,21.29,20.27,21.67,22.55
174,2023,1,17.0,5.33,8.94,8.79,9.23,9.0
174,2023,2,19.0,14.32,14.95,15.69,15.41,16.0
174,2023,3,11.0,6.94,7.14,6.91,6.45,9.77
174,2023,4,10.0,9.69,12.66,12.72,12.79,12.47
174,2023,5,19.0,17.35,18.6,20.4,19.33,18.21
174,2023,6,33.0,34.35,32.91,34.65,37.09,35.1
174,2023,7,38.0,35.16,36.53,36.93,36.69,35.88
174,2023,8,51.0,47.75,47.81,48.43,48.27,48.75
174,2023,9,63.0,58.56,58.27,58.1,58.16,58.05
174,2023,10,45.0,46.06,42.56,45.78,42.61,44.68
174,2023,11,22.0,24.23,24.33,25.71,25.3,24.68
174,2023,12,16.0,22.58,20.42,21.75,22.19,20.37
175,2021,3,25.0,20.34,19.56,19.65,19.71,19.62
175,2021,4,40.0,25.52,26.65,23.07,25.03,27.54
175,2021,5,18.0,25.81,24.28,26.22,24.51,23.76
175,2021,6,43.0,45.28,40.11,38.95,41.07,46.95
175,2021,7,43.0,39.13,42.24,41.26,42.69,41.0
175,2021,8,53.0,51.61,49.5,50.47,49.16,50.75
175,2021,9,59.0,65.77,67.87,67.77,67.57,66.14
175,2021,10,46.0,49.42,48.64,52.58,46.89,53.27
175,2021,11,25.0,30.61,33.28,33.76,33.63,30.15
175,2021,12,32.0,33.91,31.33,32.0,31.4,31.99
175,2022,1,20.0,18.16,22.25,22.65,21.52,18.17
175,2022,2,11.0,15.11,15.51,16.18,15.91,15.28
175,2022,3,14.0,5.3,5.16,5.4,5.2,7.11
175,2022,4,28.0,26.0,26.59,24.4,26.01,26.69
175,2022,5,17.0,18.08,18.54,19.06,18.23,17.57
175,2022,6,35.0,35.16,28.5,29.21,29.0,33.59
175,2022,7,61.0,56.17,56.61,55.01,57.61,56.17
175,2022,8,40.0,37.55,39.49,39.01,38.01,37.72
175,2022,9,67.0,75.93,78.23,70.84,76.28,77.17
175,2022,10,51.0,52.07,54.37,58.35,54.69,54.01
175,2022,11,42.0,44.26,44.73,45.65,45.07,45.16
175,2022,12,43.0,48.15,43.83,46.26,46.07,44.73
175,2023,1,17.0,13.39,13.36,12.89,14.23,14.41
175,2023,2,12.0,17.31,17.66,17.23,17.31,17.85
175,2023,3,6.0,6.34,7.43,9.13,7.95,6.99
175,2023,4,21.0,25.55,24.06,23.25,24.12,25.06
175,2023,5,9.0,13.81,14.95,14.35,14.61,11.27
175,2023,6,42.0,44.09,37.7,41.08,39.2,41.04
175,2023,7,72.0,64.79,70.71,71.89,72.4,66.87
175,2023,8,57.0,53.69,54.48,53.99,54.72,54.19
175,2023,9,77.0,73.37,71.13,68.88,69.77,71.47
175,2023,10,65.0,58.01,60.17,58.21,57.99,59.79
175,2023,11,25.0,25.54,26.74,27.86,26.49,26.96
175,2023,12,19.0,34.89,24.8,25.59,24.88,32.92
176,2021,3,29.0,18.69,18.27,18.49,19.23,18.97
176,2021,4,27.0,24.26,24.38,25.01,24.63,24.8
176,2021,5,19.0,21.16,20.82,20.38,20.79,22.75
176,2021,6,35.0,44.75,40.31,43.45,38.5,42.08
176,2021,7,34.0,36.32,38.57,41.41,38.58,37.9
176,2021,8,60.0,55.13,55.76,56.05,54.99,56.5
176,2021,9,65.0,69.44,73.05,68.6,72.08,70.98
176,2021,10,51.0,54.07,58.24,55.83,56.75,56.59
176,2021,11,25.0,28.71,25.58,30.48,24.78,29.33
176,2021,12,18.0,18.65,19.77,18.54,19.27,18.6
176,2022,1,26.0,23.56,25.79,25.71,25.52,24.25
176,2022,2,8.0,7.51,8.25,10.21,8.3,8.79
176,2022,3,25.0,18.49,18.06,17.71,17.37,21.37
176,2022,4,16.0,12.45,13.67,14.77,13.39,11.29
176,2022,5,5.0,13.52,13.89,13.94,14.68,14.4
176,2022,6,28.0,33.64,32.86,32.32,32.66,32.58
176,2022,7,53.0,47.77,52.27,53.48,50.71,50.07
176,2022,8,59.0,50.85,52.29,50.2,53.03,50.55
176,2022,9,61.0,70.27,68.65,65.92,66.76,70.56
176,2022,10,42.0,45.73,50.17,49.12,49.02,45.49
176,2022,11,31.0,31.34,26.47,30.93,28.59,28.61
176,2022,12,27.0,33.15,29.44,30.81,29.35,32.32
176,2023,1,24.0,20.45,20.87,21.82,22.33,20.98
176,2023,2,20.0,18.54,19.99,20.63,21.05,19.47
176,2023,3,14.0,14.04,15.2,15.43,15.35,15.42
176,2023,4,11.0,11.46,10.88,11.02,11.35,12.53
176,2023,5,18.0,17.31,19.44,19.74,18.89,17.36
176,2023,6,42.0,39.75,36.2,36.23,34.64,38.87
176,2023,7,52.0,47.25,47.73,48.25,47.57,46.7
176,2023,8,75.0,77.3,78.82,76.58,77.75,76.83
176,2023,9,85.0,81.25,78.7,77.85,77.66,79.79
176,2023,10,48.0,51.34,52.56,51.89,52.35,53.25
176,2023,11,38.0,38.94,38.25,37.96,38.75,37.37
176,2023,12,26.0,30.31,30.67,29.8,29.41,29.32
177,2021,3,26.0,20.91,22.54,22.76,21.78,19.81
177,2021,4,11.0,7.77,8.93,8.9,9.14,11.96
177,2021,5,16.0,20.44,19.34,16.83,19.8,21.98
177,2021,6,33.0,38.34,39.78,40.76,38.99,39.07
177,2021,7,66.0,62.27,65.1,61.99,63.91,62.23
177,2021,8,65.0,66.83,67.79,66.8,67.02,66.0
177,2021,9,57.0,53.02,52.58,50.08,50.73,50.49
177,2021,10,65.0,62.97,62.97,62.84,63.7,63.41
177,2021,11,34.0,38.3,39.4,42.02,39.86,38.77
177,2021,12,13.0,26.7,24.53,26.17,23.2,24.77
177,2022,1,10.0,10.49,12.95,16.57,13.21,11.12
177,2022,2,4.0,10.18,11.01,12.15,10.23,10.89
177,2022,3,10.0,7.94,9.42,9.74,9.76,8.41
177,2022,4,9.0,1.53,3.83,3.94,4.02,2.51
177,2022,5,14.0,10.42,8.27,10.52,7.95,11.19
177,2022,6,32.0,35.71,37.15,35.77,37.23,32.71
177,2022,7,72.0,61.68,61.46,57.72,61.01,62.67
177,2022,8,68.0,62.31,64.6,65.21,63.92,62.65
177,2022,9,51.0,54.39,52.19,49.59,49.92,53.96
177,2022,10,47.0,52.96,46.92,51.05,45.82,52.77
177,2022,11,22.0,28.21,23.87,28.61,24.75,25.01
177,2022,12,28.0,24.41,21.44,20.66,23.04,23.33
177,2023,1,11.0,8.35,11.41,12.36,10.78,8.12
177,2023,2,13.0,8.49,10.0,10.6,10.48,11.68
177,2023,3,9.0,11.05,12.11,11.55,11.8,10.52
177,2023,4,14.0,10.25,12.44,11.98,13.08,12.43
177,2023,5,4.0,8.26,7.35,9.12,7.91,6.54
177,2023,6,26.0,25.89,28.25,28.15,27.94,26.86
177,2023,7,56.0,52.24,55.38,55.97,54.53,53.56
177,2023,8,58.0,63.34,63.13,65.14,63.26,63.89
177,2023,9,81.0,80.09,77.56,75.96,77.9,79.46
177,2023,10,35.0,39.6,44.52,43.92,45.54,43.62
177,2023,11,31.0,39.14,36.6,38.43,36.86,39.7
177,2023,12,33.0,34.62,40.24,38.53,39.08,31.39
178,2021,3,22.0,22.09,21.41,22.08,22.91,22.6
178,2021,4,17.0,16.3,16.82,15.73,16.67,17.1
178,2021,5,22.0,19.66,19.89,15.96,19.74,20.28
178,2021,6,38.0,46.45,46.21,47.2,43.31,46.88
178,2021,7,65.0,62.27,65.17,62.35,65.07,64.58
178,2021,8,64.0,57.61,57.23,58.75,58.04,56.29
178,2021,9,61.0,64.66,64.5,61.19,65.34,63.2
178,2021,10,67.0,64.46,67.64,66.14,67.22,67.48
178,2021,11,30.0,34.64,34.71,38.54,33.58,34.7
178,2021,12,45.0,50.57,42.77,45.52,44.68,48.22
178,2022,1,12.0,8.33,11.0,12.21,10.83,7.61
178,2022,2,17.0,22.38,22.89,22.06,23.2,23.45
178,2022,3,24.0,20.12,21.16,21.6,20.75,20.06
178,2022,4,3.0,5.92,7.05,8.16,7.34,5.73
178,2022,5,13.0,9.21,13.04,10.37,12.37,12.18
178,2022,6,39.0,38.49,43.83,43.41,43.18,38.26
178,2022,7,62.0,58.01,61.32,58.33,60.76,57.35
178,2022,8,71.0,72.14,74.19,75.61,74.43,70.04
178,2022,9,77.0,76.0,73.36,73.88,73.41,75.79
178,2022,10,54.0,51.11,52.21,50.7,52.12,52.73
178,2022,11,37.0,40.85,41.46,38.86,40.13,39.98
178,2022,12,35.0,36.12,31.05,31.1,30.47,32.79
178,2023,1,11.0,5.11,6.98,9.7,7.71,7.22
178,2023,2,28.0,27.77,27.43,26.12,27.25,27.49
178,2023,3,23.0,21.9,23.09,22.71,23.39,21.68
178,2023,4,13.0,14.3,16.7,14.63,16.28,15.42
178,2023,5,25.0,24.81,23.14,22.69,23.31,23.45
178,2023,6,61.0,58.91,63.31,61.11,62.73,61.45
178,2023,7,56.0,59.97,64.14,63.87,63.49,63.8
178,2023,8,30.0,35.1,35.76,36.52,35.53,35.39
178,2023,9,81.0,75.01,71.59,72.51,72.12,75.0
178,2023,10,71.0,60.77,66.92,64.91,68.27,64.36
178,2023,11,35.0,41.44,43.74,40.83,43.82,40.99
178,2023,12,49.0,43.63,36.49,32.36,35.67,38.08
179,2021,3,34.0,33.13,33.3,34.07,33.72,32.36
179,2021,4,35.0,35.71,35.3,34.71,34.68,34.93
179,2021,5,27.0,36.86,34.94,35.74,35.12,34.35
179,2021,6,63.0,61.67,67.22,67.65,68.49,65.09
179,2021,7,61.0,59.88,66.94,65.52,64.67,64.2
179,2021,8,51.0,55.45,58.2,55.71,56.97,54.69
179,2021,9,87.0,86.97,83.93,81.77,85.67,88.15
179,2021,10,66.0,56.04,63.11,61.71,62.68,57.35
179,2021,11,54.0,57.12,57.46,55.59,56.78,56.71
179,2021,12,31.0,30.27,25.9,25.5,25.81,25.91
179,2022,1,30.0,26.58,24.47,25.23,24.52,26.32
179,2022,2,20.0,31.57,34.68,37.9,34.98,32.24
179,2022,3,36.0,36.86,32.34,31.51,32.56,36.67
179,2022,4,21.0,24.45,24.66,25.39,24.39,23.72
179,2022,5,35.0,43.95,42.49,42.56,42.67,39.34
179,2022,6,46.0,41.85,40.36,39.41,39.13,41.32
179,2022,7,61.0,52.46,52.76,52.82,52.82,52.2
179,2022,8,54.0,53.52,56.74,56.74,54.93,52.68
179,2022,9,59.0,62.8,62.19,63.84,63.82,64.36
179,2022,10,63.0,57.84,61.93,59.9,61.96,58.15
179,2022,11,28.0,37.25,38.92,44.32,40.3,34.76
179,2022,12,47.0,44.7,40.54,37.37,39.08,41.24
179,2023,1,12.0,18.49,22.93,23.87,23.53,21.67
179,2023,2,35.0,36.14,35.48,34.72,34.67,35.07
179,2023,3,20.0,24.05,24.83,26.45,24.99,23.26
179,2023,4,37.0,43.08,41.49,39.27,40.23,41.05
179,2023,5,26.0,23.86,25.53,27.43,25.53,23.69
179,2023,6,56.0,61.28,53.24,55.85,51.61,62.09
179,2023,7,71.0,66.58,68.88,67.5,68.25,66.71
179,2023,8,61.0,62.44,64.51,65.56,64.35,63.2
179,2023,9,45.0,47.16,48.75,43.45,48.9,43.97
179,2023,10,74.0,80.59,72.01,76.02,71.52,83.6
179,2023,11,60.0,56.14,55.05,60.03,57.16,58.58
179,2023,12,43.0,44.84,42.07,38.72,41.99,39.01
180,2021,3,16.0,15.65,15.88,17.93,16.96,13.99
180,2021,4,43.0,41.29,40.57,38.81,40.38,41.1
180,2021,5,20.0,15.99,18.41,20.35,18.83,15.65
180,2021,6,77.0,77.86,77.54,75.13,77.94,83.39
180,2021,7,50.0,57.32,59.38,62.05,58.28,60.49
180,2021,8,62.0,60.94,58.96,56.62,57.36,58.69
180,2021,9,52.0,48.89,49.17,48.03,50.64,49.23
180,2021,10,75.0,67.74,69.37,68.63,69.78,69.15
180,2021,11,53.0,44.46,47.35,46.94,48.95,46.21
180,2021,12,39.0,46.95,44.47,46.82,46.83,42.3
180,2022,1,29.0,33.37,34.2,34.03,33.81,31.8
180,2022,2,39.0,35.28,35.08,35.63,34.15,33.43
180,2022,3,29.0,36.94,35.9,36.3,35.74,34.92
180,2022,4,35.0,35.38,34.9,37.15,33.68,35.28
180,2022,5,22.0,22.11,22.67,24.01,23.13,23.09
180,2022,6,65.0,61.18,61.6,61.59,63.08,64.57
180,2022,7,58.0,50.08,51.09,50.42,50.77,51.99
180,2022,8,69.0,63.31,61.02,58.62,61.3,61.62
180,2022,9,77.0,70.18,71.32,69.22,71.1,69.06
180,2022,10,57.0,60.48,65.89,65.88,65.11,62.71
180,2022,11,45.0,44.63,46.93,46.77,45.85,45.86
180,2022,12,39.0,43.29,37.58,33.55,37.94,38.48
180,2023,1,19.0,12.24,12.91,16.51,11.87,13.65
180,2023,2,12.0,18.93,20.44,21.08,20.6,19.73
180,2023,3,21.0,14.07,16.62,16.56,16.31,15.9
180,2023,4,29.0,28.46,28.73,28.23,28.22,27.17
180,2023,5,12.0,16.34,16.68,22.06,16.9,15.22
180,2023,6,51.0,53.04,54.16,52.93,53.94,54.1
180,2023,7,90.0,76.35,81.33,79.0,80.72,81.25
180,2023,8,61.0,59.92,62.86,62.71,62.0,58.45
180,2023,9,51.0,56.55,52.61,49.56,52.15,52.6
180,2023,10,50.0,50.58,55.23,55.77,55.24,51.14
180,2023,11,63.0,57.89,59.62,58.77,58.81,59.56
180,2023,12,34.0,33.36,25.93,26.9,26.21,31.74
181,2021,3,19.0,18.73,18.64,18.89,18.15,18.06
181,2021,4,23.0,19.45,18.56,18.17,18.74,19.31
181,2021,5,27.0,22.72,20.5,17.63,20.79,23.81
181,2021,6,47.0,51.2,52.35,51.23,52.26,53.35
181,2021,7,50.0,44.3,45.14,46.59,44.38,45.22
181,2021,8,40.0,44.38,45.17,43.67,45.62,43.98
181,2021,9,56.0,60.67,57.63,60.1,58.68,58.68
181,2021,10,70.0,63.74,65.99,66.16,66.34,65.64
181,2021,11,39.0,36.29,38.72,40.5,36.8,39.94
181,2021,12,26.0,27.53,20.6,19.99,22.4,25.57
181,2022,1,20.0,18.33,19.63,18.32,19.3,18.67
181,2022,2,3.0,7.97,8.75,9.42,8.2,9.91
181,2022,3,19.0,17.5,17.44,16.55,17.39,20.31
181,2022,4,12.0,14.03,12.84,12.71,12.68,12.37
181,2022,5,19.0,16.36,16.58,15.93,18.12,17.43
181,2022,6,42.0,38.15,39.74,38.65,38.99,40.34
181,2022,7,54.0,54.51,56.22,56.69,56.98,53.43
181,2022,8,56.0,51.94,52.01,52.13,52.08,50.02
181,2022,9,52.0,54.04,53.38,53.18,52.97,53.36
181,2022,10,57.0,50.51,50.11,51.1,50.14,51.47
181,2022,11,38.0,37.32,40.14,41.66,40.43,39.55
181,2022,12,25.0,22.56,20.11,19.22,19.36,21.51
181,2023,1,14.0,10.09,13.76,13.64,13.1,11.96
181,2023,2,16.0,15.17,16.24,18.43,16.76,15.85
181,2023,3,9.0,16.49,17.17,17.45,16.85,15.6
181,2023,4,4.0,2.95,4.22,3.9,4.98,4.92
181,2023,5,13.0,13.02,13.56,10.48,12.86,12.76
181,2023,6,42.0,44.62,44.9,45.28,41.62,43.12
181,2023,7,45.0,54.32,56.45,59.72,54.12,52.76
181,2023,8,45.0,44.96,37.98,47.62,38.72,40.74
181,2023,9,81.0,73.21,71.21,68.03,70.48,71.79
181,2023,10,61.0,52.83,56.34,55.24,55.96,56.91
181,2023,11,44.0,44.09,40.35,41.53,40.74,43.93
181,2023,12,36.0,33.99,27.77,27.24,30.21,31.73
182,2021,3,32.0,27.95,26.7,28.7,27.0,26.81
182,2021,4,22.0,19.29,18.46,17.47,16.98,18.51
182,2021,5,27.0,30.29,27.79,27.61,28.06,29.81
182,2021,6,63.0,55.64,56.55,53.81,58.06,58.54
182,2021,7,32.0,31.11,33.37,29.8,34.36,32.72
182,2021,8,58.0,66.15,56.05,62.15,56.52,64.54
182,2021,9,86.0,77.05,76.74,75.2,76.73,78.01
182,2021,10,49.0,42.86,44.97,40.71,45.4,43.33
182,2021,11,28.0,31.36,29.02,24.05,28.14,31.35
182,2021,12,39.0,35.59,32.06,31.65,32.02,33.02
182,2022,1,30.0,23.79,25.62,27.45,24.8,25.17
182,2022,2,21.0,25.65,25.23,23.62,24.87,25.57
182,2022,3,15.0,12.47,13.46,12.41,13.69,14.96
182,2022,4,10.0,13.07,15.93,15.27,15.58,12.31
182,2022,5,23.0,19.66,18.44,21.12,19.77,19.48
182,2022,6,48.0,39.99,40.98,39.02,40.61,39.22
182,2022,7,68.0,68.08,74.42,75.15,75.07,68.84
182,2022,8,75.0,70.3,71.86,71.59,71.02,69.5
182,2022,9,88.0,84.77,84.7,82.81,85.41,82.97
182,2022,10,43.0,44.07,45.15,48.14,45.74,44.17
182,2022,11,56.0,54.03,55.96,54.43,54.99,56.76
182,2022,12,15.0,20.61,17.18,21.36,18.24,19.98
182,2023,1,29.0,28.23,29.24,27.02,28.51,27.49
182,2023,2,5.0,3.1,6.14,8.87,6.0,6.65
182,2023,3,16.0,23.74,23.96,22.9,23.78,24.55
182,2023,4,23.0,20.1,21.39,22.72,21.2,18.57
182,2023,5,9.0,10.4,10.56,12.47,10.74,10.35
182,2023,6,54.0,46.69,48.19,47.2,46.79,47.94
182,2023,7,77.0,69.37,70.66,69.99,69.44,72.8
182,2023,8,81.0,89.86,89.39,87.19,88.71,90.42
182,2023,9,52.0,60.21,59.0,58.92,59.21,58.16
182,2023,10,41.0,41.96,42.78,38.17,41.87,41.98
182,2023,11,36.0,30.19,30.58,32.65,30.18,31.48
182,2023,12,31.0,34.49,34.45,33.44,34.29,33.95
183,2021,3,17.0,22.33,21.92,23.28,22.38,20.93
183,2021,4,18.0,24.52,24.84,23.11,24.58,24.39
183,2021,5,15.0,20.11,19.44,20.88,19.54,18.02
183,2021,6,47.0,44.26,45.02,43.18,44.97,42.48
183,2021,7,76.0,72.53,74.25,72.0,75.23,73.82
183,2021,8,55.0,67.74,60.24,66.55,60.93,60.65
183,2021,9,50.0,49.13,42.29,46.76,41.51,47.63
183,2021,10,35.0,29.45,29.8,29.56,29.96,29.79
183,2021,11,28.0,29.2,30.25,27.62,30.25,26.59
183,2021,12,30.0,24.87,21.47,21.31,21.74,22.69
183,2022,1,43.0,35.95,36.4,38.49,36.79,35.68
183,2022,2,20.0,13.58,13.09,11.72,11.57,14.29
183,2022,3,19.0,23.85,18.93,20.27,20.42,23.41
183,2022,4,29.0,29.6,28.74,27.75,28.51,29.23
183,2022,5,21.0,32.98,29.89,31.13,30.14,30.09
183,2022,6,34.0,39.59,41.0,38.87,39.5,41.62
183,2022,7,71.0,60.28,63.62,61.78,63.02,62.05
183,2022,8,65.0,56.94,64.55,61.37,64.02,56.5
183,2022,9,74.0,73.67,67.97,66.71,65.93,70.82
183,2022,10,48.0,43.9,43.5,44.45,43.47,45.15
183,2022,11,34.0,43.28,46.42,46.08,45.88,43.73
183,2022,12,18.0,19.71,19.9,21.14,19.77,18.89
183,2023,1,14.0,18.63,20.9,20.54,20.05,19.31
183,2023,2,23.0,26.68,26.93,27.23,25.72,25.81
183,2023,3,19.0,13.73,14.79,15.07,15.02,12.74
183,2023,4,20.0,18.9,18.84,20.4,19.33,20.19
183,2023,5,29.0,30.41,29.41,29.57,29.48,28.15
183,2023,6,56.0,59.24,63.83,62.93,63.58,62.81
183,2023,7,64.0,56.39,54.87,54.45,53.76,58.77
183,2023,8,40.0,41.68,43.76,43.16,43.6,41.68
183,2023,9,61.0,61.69,56.56,54.32,57.54,61.38
183,2023,10,44.0,44.44,41.41,46.51,40.0,41.32
183,2023,11,60.0,54.27,55.2,51.79,53.57,57.59
183,2023,12,35.0,33.45,32.92,32.29,31.72,32.87
184,2021,3,13.0,9.32,8.9,9.56,8.74,7.82
184,2021,4,18.0,11.89,12.1,10.18,12.0,16.02
184,2021,5,18.0,20.29,17.64,19.7,18.3,18.32
184,2021,6,76.0,69.98,70.63,70.46,71.5,74.56
184,2021,7,57.0,56.97,61.52,62.74,61.1,58.3
184,2021,8,37.0,41.0,41.54,39.77,41.1,39.35
184,2021,9,73.0,68.73,67.88,63.53,67.73,68.42
184,2021,10,60.0,48.76,50.79,49.79,50.61,50.75
184,2021,11,61.0,65.46,65.84,64.12,64.74,67.73
184,2021,12,39.0,32.68,30.9,24.22,28.88,28.81
184,2022,1,8.0,7.66,7.31,9.83,7.74,8.26
184,2022,2,8.0,7.56,9.92,10.39,10.55,9.76
184,2022,3,31.0,33.65,33.88,37.68,34.91,32.48
184,2022,4,20.0,15.67,16.93,18.96,16.98,15.61
184,2022,5,33.0,38.15,33.54,31.6,34.0,36.47
184,2022,6,54.0,53.45,54.95,52.9,56.01,55.29
184,2022,7,87.0,77.05,76.29,72.25,76.52,76.84
184,2022,8,71.0,70.18,67.42,70.25,68.58,69.4
184,2022,9,45.0,52.15,48.54,49.27,48.2,49.25
184,2022,10,32.0,32.21,32.33,28.68,31.45,31.89
184,2022,11,42.0,36.23,40.81,39.31,38.81,36.81
184,2022,12,22.0,21.7,21.34,23.14,21.24,19.22
184,2023,1,20.0,16.38,18.02,15.98,17.4,16.65
184,2023,2,11.0,5.28,7.04,8.41,7.38,5.53
184,2023,3,25.0,24.61,23.79,23.57,24.29,24.53
184,2023,4,5.0,8.56,7.61,10.32,8.68,7.4
184,2023,5,21.0,25.09,26.13,24.92,26.67,24.67
184,2023,6,67.0,61.75,67.01,65.34,66.02,66.19
184,2023,7,81.0,83.39,91.3,88.73,89.8,87.38
184,2023,8,74.0,80.93,80.77,79.75,82.56,80.29
184,2023,9,84.0,84.07,80.66,81.96,82.06,80.89
184,2023,10,69.0,69.34,71.7,70.07,73.16,72.84
184,2023,11,28.0,36.5,38.31,39.3,38.88,37.69
184,2023,12,37.0,35.3,29.88,28.85,30.16,31.1
185,2021,3,19.0,15.41,15.97,14.74,15.48,17.54
185,2021,4,32.0,33.1,33.64,36.79,34.26,31.5
185,2021,5,22.0,22.52,25.65,27.02,25.21,22.59
185,2021,6,58.0,48.37,46.17,45.31,47.43,50.26
185,2021,7,68.0,66.62,70.61,70.13,70.25,67.09
185,2021,8,109.0,101.01,96.08,95.17,98.18,103.91
185,2021,9,70.0,65.56,67.48,69.23,67.46,65.12
185,2021,10,52.0,62.36,53.53,59.56,52.04,61.98
185,2021,11,73.0,68.28,69.69,64.72,69.68,70.98
185,2021,12,22.0,28.1,26.51,28.45,25.49,26.36
185,2022,1,36.0,48.53,46.13,44.25,44.45,45.26
185,2022,2,14.0,10.19,11.11,13.41,11.54,10.39
185,2022,3,29.0,34.08,32.6,30.56,32.25,34.38
185,2022,4,16.0,20.72,22.23,24.04,21.52,19.17
185,2022,5,21.0,17.94,20.72,21.59,21.27,18.03
185,2022,6,40.0,42.79,43.81,43.02,43.42,41.58
185,2022,7,86.0,82.45,82.91,78.27,81.22,88.37
185,2022,8,70.0,71.18,74.56,74.5,75.57,73.49
185,2022,9,89.0,91.37,89.81,84.31,88.56,93.36
185,2022,10,74.0,71.87,78.85,78.72,77.88,75.61
185,2022,11,51.0,50.9,49.46,49.01,48.35,49.85
185,2022,12,34.0,30.41,25.25,25.97,25.78,25.66
185,2023,1,43.0,40.58,39.52,38.21,38.42,37.69
185,2023,2,40.0,41.27,38.39,38.06,37.19,39.5
185,2023,3,40.0,39.74,36.81,34.88,36.24,38.31
185,2023,4,14.0,19.39,19.81,18.91,19.38,19.48
185,2023,5,30.0,31.88,29.31,30.49,29.77,30.11
185,2023,6,48.0,57.07,55.41,57.43,54.39,56.86
185,2023,7,53.0,49.63,52.44,50.4,51.62,52.37
185,2023,8,88.0,81.51,84.99,82.54,84.56,84.47
185,2023,9,44.0,38.23,41.67,40.07,40.05,38.02
185,2023,10,71.0,71.85,70.17,69.21,70.16,72.34
185,2023,11,46.0,42.56,47.42,48.6,46.66,43.42
185,2023,12,43.0,41.95,37.26,31.07,37.06,37.48
186,2021,3,2.0,3.44,3.99,6.44,4.51,2.32
186,2021,4,2.0,9.02,8.18,7.63,8.58,9.5
186,2021,5,18.0,13.08,12.57,10.93,12.09,12.18
186,2021,6,36.0,37.56,32.53,37.96,34.29,37.95
186,2021,7,60.0,55.95,56.09,54.97,54.95,56.1
186,2021,8,46.0,45.85,45.69,49.0,46.13,42.81
186,2021,9,67.0,69.6,65.28,65.27,66.63,67.84
186,2021,10,39.0,37.4,41.88,42.9,41.76,38.51
186,2021,11,24.0,32.78,31.88,33.97,33.41,35.46
186,2021,12,10.0,12.01,14.42,13.14,14.57,11.42
186,2022,1,0.0,2.56,4.81,6.28,4.82,6.28
186,2022,2,0.0,-0.23,3.35,3.9,2.51,3.22
186,2022,3,6.0,7.42,8.2,6.89,6.88,5.17
186,2022,4,23.0,11.78,11.87,12.26,12.95,12.56
186,2022,5,21.0,19.62,18.02,20.51,17.94,17.87
186,2022,6,42.0,42.97,42.46,42.58,43.09,44.57
186,2022,7,56.0,53.55,54.53,52.57,54.17,52.69
186,2022,8,55.0,56.26,55.31,55.01,54.13,55.54
186,2022,9,48.0,53.6,53.52,52.68,53.92,54.94
186,2022,10,19.0,29.08,24.06,26.94,25.23,25.45
186,2022,11,37.0,35.65,32.12,31.05,31.58,37.73
186,2022,12,28.0,26.58,22.82,30.6,24.57,22.48
186,2023,1,1.0,5.1,9.04,10.61,9.67,7.36
186,2023,2,13.0,14.98,17.93,15.65,16.5,17.02
186,2023,3,27.0,13.5,14.29,15.85,14.69,14.14
186,2023,4,19.0,17.74,18.07,18.68,18.06,18.16
186,2023,5,15.0,23.15,20.61,21.45,21.04,22.23
186,2023,6,58.0,47.74,47.65,44.18,47.39,50.24
186,2023,7,37.0,38.43,39.03,46.68,38.96,36.61
186,2023,8,41.0,58.45,47.77,51.29,48.89,54.94
186,2023,9,40.0,46.67,47.27,49.75,45.51,46.18
186,2023,10,38.0,30.19,34.29,32.81,33.81,29.37
186,2023,11,25.0,21.48,26.86,25.91,27.07,21.27
186,2023,12,21.0,20.16,19.33,16.68,17.96,18.37
187,2021,3,38.0,32.03,29.18,31.61,28.55,30.3
187,2021,4,16.0,20.66,20.69,20.03,20.67,22.81
187,2021,5,25.0,23.7,22.84,22.9,22.39,25.39
187,2021,6,58.0,55.75,50.43,56.97,52.9,58.21
187,2021,7,72.0,69.79,71.62,70.18,70.48,71.04
187,2021,8,91.0,89.25,86.76,88.24,88.17,89.85
187,2021,9,75.0,76.46,77.2,76.21,76.55,76.12
187,2021,10,52.0,56.21,54.72,54.3,54.55,57.1
187,2021,11,56.0,51.37,51.18,47.8,49.21,53.82
187,2021,12,24.0,25.63,25.28,25.13,26.0,23.21
187,2022,1,6.0,7.47,9.48,8.41,10.1,8.03
187,2022,2,35.0,32.46,33.43,34.66,32.95,33.15
187,2022,3,44.0,33.57,33.45,34.45,33.02,31.5
187,2022,4,11.0,14.43,15.47,17.17,14.5,15.06
187,2022,5,14.0,24.01,22.73,22.05,22.68,26.14
187,2022,6,67.0,54.45,57.59,56.8,56.97,57.19
187,2022,7,56.0,46.53,50.48,50.81,49.64,47.6
187,2022,8,46.0,50.9,49.73,50.09,48.6,49.23
187,2022,9,63.0,76.01,67.68,73.58,70.8,74.33
187,2022,10,63.0,55.19,59.79,63.4,61.85,57.89
187,2022,11,34.0,29.67,33.37,29.56,32.36,29.54
187,2022,12,22.0,24.2,19.83,22.99,20.99,22.76
187,2023,1,14.0,10.82,13.22,12.62,12.79,10.67
187,2023,2,18.0,13.72,14.34,14.03,14.25,13.39
187,2023,3,16.0,16.18,17.42,17.8,18.62,17.22
187,2023,4,31.0,27.21,28.6,28.16,28.98,26.32
187,2023,5,41.0,35.74,32.93,37.15,33.85,33.78
187,2023,6,46.0,64.9,61.11,64.23,62.51,65.1
187,2023,7,63.0,61.33,62.01,61.01,62.29,60.96
187,2023,8,79.0,69.5,68.1,69.35,67.56,70.12
187,2023,9,44.0,41.99,42.07,41.19,42.28,41.93
187,2023,10,56.0,52.3,52.42,52.79,52.46,52.98
187,2023,11,52.0,45.05,48.44,48.46,48.51,44.38
187,2023,12,30.0,32.68,33.39,33.65,33.94,29.43
188,2021,3,20.0,20.07,19.97,19.48,19.82,16.66
188,2021,4,8.0,11.9,11.41,13.08,10.87,12.17
188,2021,5,4.0,14.01,13.21,14.34,13.14,13.13
188,2021,6,46.0,46.49,46.45,45.75,43.79,44.65
188,2021,7,67.0,60.27,60.98,61.25,60.19,60.3
188,2021,8,48.0,52.52,54.08,54.05,53.93,50.76
188,2021,9,38.0,45.98,45.69,43.96,45.57,46.76
188,2021,10,50.0,45.71,44.69,43.1,44.21,45.68
188,2021,11,41.0,42.96,46.81,47.39,45.7,44.68
188,2021,12,35.0,36.47,32.72,31.73,31.93,34.2
188,2022,1,9.0,6.43,8.31,10.68,8.14,8.21
188,2022,2,19.0,17.98,18.08,17.69,17.79,19.97
188,2022,3,24.0,17.75,16.92,18.52,17.52,17.27
188,2022,4,19.0,13.97,15.59,14.84,15.64,16.08
188,2022,5,4.0,14.26,13.85,15.2,14.38,13.76
188,2022,6,41.0,46.47,46.75,44.46,47.86,48.08
188,2022,7,67.0,56.0,59.48,61.0,59.42,57.26
188,2022,8,53.0,45.45,46.24,46.74,46.62,46.1
188,2022,9,51.0,51.69,46.88,45.7,47.9,51.32
188,2022,10,44.0,44.67,44.85,42.9,44.95,45.25
188,2022,11,37.0,33.61,34.01,34.77,35.29,31.51
188,2022,12,40.0,41.43,38.06,33.32,36.55,39.48
188,2023,1,3.0,4.59,6.83,10.66,7.09,5.71
188,2023,2,29.0,19.21,16.59,16.57,16.24,22.91
188,2023,3,12.0,11.26,10.53,12.33,10.6,10.52
188,2023,4,13.0,11.68,13.87,13.43,13.61,14.69
188,2023,5,26.0,24.67,25.26,25.51,25.4,24.36
188,2023,6,43.0,38.38,38.98,36.38,37.81,38.73
188,2023,7,59.0,59.0,59.27,58.5,58.89,58.01
188,2023,8,58.0,60.71,62.55,62.45,60.69,60.28
188,2023,9,72.0,76.64,76.34,74.14,76.58,74.31
188,2023,10,46.0,44.25,50.95,51.25,52.83,46.97
188,2023,11,26.0,25.13,22.75,22.49,23.07,27.9
188,2023,12,25.0,27.05,25.83,26.12,27.65,25.3
189,2021,3,10.0,6.54,6.73,8.21,7.06,5.71
189,2021,4,10.0,11.69,11.4,11.49,10.69,11.22
189,2021,5,18.0,24.94,21.8,21.35,20.54,21.64
189,2021,6,32.0,35.37,34.42,29.71,34.23,35.95
189,2021,7,45.0,47.56,50.99,49.12,50.57,47.25
189,2021,8,45.0,38.93,38.71,38.59,38.03,38.74
189,2021,9,49.0,49.44,46.95,46.33,47.69,46.84
189,2021,10,49.0,47.12,49.98,49.95,50.36,49.19
189,2021,11,18.0,21.94,24.04,27.31,24.56,24.23
189,2021,12,20.0,19.57,18.91,19.16,20.7,18.89
189,2022,1,16.0,7.7,8.05,6.91,7.35,9.14
189,2022,2,7.0,6.18,7.63,8.26,7.76,8.1
189,2022,3,21.0,20.44,18.84,15.88,18.72,19.85
189,2022,4,20.0,12.16,11.98,13.31,12.08,12.82
189,2022,5,13.0,19.84,19.3,20.77,19.1,18.77
189,2022,6,33.0,32.73,29.66,35.0,34.14,35.49
189,2022,7,34.0,33.9,40.95,41.68,38.48,34.19
189,2022,8,61.0,62.68,59.66,58.15,59.77,63.28
189,2022,9,73.0,68.85,66.65,69.28,68.49,68.51
189,2022,10,42.0,43.04,46.06,46.21,46.78,47.88
189,2022,11,28.0,27.69,24.03,26.26,26.0,28.76
189,2022,12,17.0,15.45,16.04,16.72,16.57,15.31
189,2023,1,13.0,15.84,15.47,15.72,16.03,15.85
189,2023,2,9.0,8.85,9.84,10.18,10.21,9.91
189,2023,3,16.0,12.81,11.4,10.57,10.87,14.01
189,2023,4,24.0,17.01,15.96,16.15,16.02,16.97
189,2023,5,22.0,25.67,24.38,24.48,24.0,24.11
189,2023,6,37.0,41.05,39.54,41.09,40.29,42.28
189,2023,7,44.0,40.21,41.06,38.92,40.27,42.0
189,2023,8,39.0,43.34,44.05,42.17,43.73,43.83
189,2023,9,42.0,39.17,34.93,33.58,36.13,40.12
189,2023,10,25.0,26.84,27.24,27.28,27.46,26.61
189,2023,11,32.0,30.35,30.41,28.1,29.59,31.21
189,2023,12,28.0,26.76,24.19,23.22,23.77,22.35
190,2021,3,27.0,22.14,21.76,19.35,22.58,21.56
190,2021,4,21.0,14.85,14.72,14.47,15.3,16.08
190,2021,5,30.0,32.03,30.74,29.82,30.46,31.47
190,2021,6,35.0,38.72,36.25,38.21,37.0,39.42
190,2021,7,63.0,63.25,62.97,61.68,63.95,64.59
190,2021,8,62.0,59.91,62.9,61.26,62.85,60.62
190,2021,9,61.0,59.03,56.59,57.29,56.26,56.14
190,2021,10,50.0,52.37,52.66,47.97,51.9,53.74
190,2021,11,11.0,18.93,22.26,26.03,23.26,21.49
190,2021,12,21.0,22.84,18.72,20.88,20.54,23.15
190,2022,1,24.0,20.72,22.35,23.2,21.14,20.14
190,2022,2,11.0,4.24,5.2,6.47,6.32,6.52
190,2022,3,22.0,25.39,22.28,21.63,22.51,24.31
190,2022,4,28.0,23.88,23.0,22.89,23.4,22.87
190,2022,5,24.0,25.92,24.49,25.72,24.68,26.3
190,2022,6,45.0,44.04,43.17,39.72,43.93,44.37
190,2022,7,46.0,45.17,38.51,43.37,40.58,44.51
190,2022,8,23.0,30.96,30.52,28.87,28.67,29.28
190,2022,9,55.0,65.22,64.74,61.17,64.43,63.31
190,2022,10,46.0,42.39,43.11,47.92,44.0,41.77
190,2022,11,33.0,35.96,37.75,36.85,38.14,37.76
190,2022,12,21.0,31.14,29.87,30.67,28.96,28.38
190,2023,1,20.0,13.29,13.46,12.97,13.13,14.85
190,2023,2,13.0,10.91,12.73,13.73,12.59,13.09
190,2023,3,20.0,12.45,11.77,8.68,11.7,14.06
190,2023,4,0.0,2.08,3.85,6.4,4.93,4.36
190,2023,5,4.0,12.01,13.7,13.7,13.97,11.74
190,2023,6,34.0,28.47,28.24,28.58,27.92,27.21
190,2023,7,50.0,45.43,44.99,45.35,43.69,44.93
190,2023,8,31.0,37.32,33.15,38.27,33.66,36.3
190,2023,9,42.0,45.57,44.59,47.96,44.85,43.58
190,2023,10,63.0,57.57,62.87,62.6,60.61,58.92
190,2023,11,37.0,32.85,34.33,35.63,34.07,33.02
190,2023,12,25.0,31.73,28.1,29.48,28.7,30.7
191,2021,3,35.0,29.16,27.37,23.84,27.61,27.99
191,2021,4,10.0,6.64,9.28,9.92,7.98,6.85
191,2021,5,36.0,36.16,32.8,31.57,33.89,34.34
191,2021,6,56.0,51.1,51.12,49.64,49.02,52.54
191,2021,7,78.0,70.03,72.37,69.96,71.91,72.0
191,2021,8,67.0,60.62,62.54,61.53,62.39,59.46
191,2021,9,83.0,80.66,81.8,76.89,81.54,79.84
191,2021,10,49.0,46.14,48.34,48.38,49.28,47.37
191,2021,11,48.0,53.33,53.6,52.6,54.47,53.49
191,2021,12,33.0,34.98,35.29,34.67,34.5,33.26
191,2022,1,18.0,18.19,19.57,22.19,19.77,19.39
191,2022,2,22.0,25.48,26.26,24.08,25.47,26.41
191,2022,3,13.0,18.68,19.37,19.63,18.55,17.55
191,2022,4,34.0,30.6,30.0,28.31,29.49,29.98
191,2022,5,9.0,5.49,8.21,10.34,7.09,5.74
191,2022,6,66.0,67.92,75.48,71.02,74.43,71.67
191,2022,7,73.0,76.7,69.73,82.29,66.62,82.11
191,2022,8,55.0,53.43,54.11,52.22,53.12,51.46
191,2022,9,83.0,85.41,85.28,85.47,87.03,86.26
191,2022,10,59.0,64.46,58.44,64.58,58.69,65.28
191,2022,11,46.0,45.87,47.19,45.62,47.21,47.04
191,2022,12,30.0,37.76,34.48,35.64,34.49,34.26
191,2023,1,20.0,18.43,17.65,16.78,18.67,17.95
191,2023,2,2.0,6.17,9.66,10.08,9.4,6.76
191,2023,3,8.0,16.86,18.67,18.42,18.75,19.0
191,2023,4,26.0,16.41,16.79,16.36,16.36,15.71
191,2023,5,33.0,30.81,28.9,31.11,28.61,29.43
191,2023,6,63.0,60.86,58.73,55.93,57.39,63.61
191,2023,7,78.0,72.25,74.18,74.0,72.26,73.88
191,2023,8,61.0,62.32,63.7,65.58,63.85,61.91
191,2023,9,66.0,67.75,67.02,69.02,67.85,65.25
191,2023,10,76.0,67.35,64.88,67.28,67.91,69.76
191,2023,11,56.0,61.64,61.03,62.63,63.09,64.68
191,2023,12,25.0,33.55,29.98,29.5,29.88,29.32
192,2021,3,2.0,6.0,5.08,6.07,4.89,5.83
192,2021,4,17.0,15.16,15.41,15.2,15.51,15.5
192,2021,5,8.0,8.24,6.05,9.62,6.68,7.46
192,2021,6,41.0,37.52,37.84,35.84,36.77,40.41
192,2021,7,63.0,50.11,51.93,51.32,52.04,51.18
192,2021,8,38.0,41.42,43.87,44.52,44.06,41.18
192,2021,9,48.0,55.89,52.15,50.11,51.96,55.05
192,2021,10,54.0,50.04,51.32,50.74,51.83,51.17
192,2021,11,37.0,28.61,28.21,28.15,29.13,29.18
192,2021,12,14.0,19.77,19.14,19.05,18.45,17.81
192,2022,1,15.0,16.19,18.08,17.13,17.73,15.99
192,2022,2,3.0,0.53,2.69,4.53,2.09,3.58
192,2022,3,8.0,7.62,9.87,8.46,10.36,8.74
192,2022,4,22.0,12.21,13.2,13.03,11.94,13.2
192,2022,5,16.0,24.35,19.93,21.03,18.48,20.19
192,2022,6,41.0,41.74,41.47,38.38,40.99,44.18
192,2022,7,35.0,35.61,31.81,35.72,31.38,33.6
192,2022,8,41.0,49.3,40.38,42.23,38.75,46.29
192,2022,9,49.0,49.34,48.44,48.5,48.08,48.98
192,2022,10,44.0,39.7,38.56,39.5,39.31,40.06
192,2022,11,32.0,34.97,33.5,34.46,33.65,35.96
192,2022,12,18.0,19.48,18.37,19.7,17.14,17.08
192,2023,1,14.0,11.59,12.94,13.0,12.04,13.26
192,2023,2,0.0,1.04,4.23,4.69,2.61,3.87
192,2023,3,10.0,13.38,13.56,14.02,12.68,14.07
192,2023,4,8.0,3.04,4.49,6.09,3.94,4.42
192,2023,5,15.0,12.5,11.6,11.92,10.99,12.98
192,2023,6,17.0,25.68,21.46,21.55,20.64,21.07
192,2023,7,46.0,42.93,46.01,43.62,45.03,46.3
192,2023,8,31.0,29.95,31.49,35.5,30.49,29.7
192,2023,9,40.0,43.68,41.45,38.53,40.7,43.57
192,2023,10,46.0,45.0,48.78,49.88,50.33,45.1
192,2023,11,29.0,24.3,24.93,27.79,25.21,22.56
192,2023,12,26.0,29.9,26.27,26.92,27.87,27.53
193,2021,3,17.0,14.66,14.94,14.65,14.88,15.3
193,2021,4,21.0,16.44,15.74,14.63,14.85,15.05
193,2021,5,10.0,14.53,15.09,14.73,14.45,14.77
193,2021,6,64.0,58.91,59.48,56.44,60.99,61.84
193,2021,7,74.0,67.88,71.68,69.05,70.41,67.17
193,2021,8,62.0,67.95,69.18,63.43,69.98,66.04
193,2021,9,67.0,72.2,70.43,68.26,70.23,70.9
193,2021,10,40.0,45.15,41.74,43.21,40.88,43.61
193,2021,11,31.0,42.01,39.75,40.86,40.01,43.23
193,2021,12,20.0,19.19,16.92,17.37,14.91,17.61
193,2022,1,10.0,11.01,13.16,13.92,13.44,11.31
193,2022,2,5.0,7.04,8.75,9.75,8.77,8.36
193,2022,3,15.0,10.69,13.02,13.02,13.3,12.89
193,2022,4,19.0,18.31,17.33,14.63,15.92,16.74
193,2022,5,25.0,27.33,24.83,24.71,24.35,25.37
193,2022,6,38.0,34.8,32.09,31.42,31.97,35.52
193,2022,7,49.0,40.86,39.05,41.33,39.27,41.67
193,2022,8,53.0,51.02,49.52,49.63,50.65,50.75
193,2022,9,56.0,56.16,55.42,51.31,54.23,55.67
193,2022,10,20.0,20.42,23.06,22.25,23.17,22.45
193,2022,11,29.0,24.38,21.08,19.06,21.3,26.01
193,2022,12,24.0,27.25,24.39,29.32,25.66,24.57
193,2023,1,22.0,17.85,19.26,17.53,18.69,17.8
193,2023,2,18.0,14.05,15.6,16.7,16.45,14.85
193,2023,3,2.0,7.87,8.02,6.84,7.85,8.22
193,2023,4,10.0,9.05,10.36,10.55,11.84,12.52
193,2023,5,17.0,24.06,19.93,21.49,18.41,19.37
193,2023,6,55.0,52.16,53.27,50.88,52.33,53.61
193,2023,7,52.0,60.42,61.39,59.77,61.36,60.01
193,2023,8,57.0,56.08,55.41,55.58,55.74,56.47
193,2023,9,51.0,52.71,53.61,54.54,52.91,52.53
193,2023,10,45.0,41.09,39.3,40.74,40.98,42.15
193,2023,11,27.0,25.91,27.05,27.1,26.0,24.24
193,2023,12,18.0,21.32,20.52,19.15,18.46,19.18
194,2021,3,12.0,4.91,7.43,7.71,7.94,5.8
194,2021,4,22.0,22.08,21.77,23.0,21.08,20.14
194,2021,5,16.0,20.88,19.69,20.59,18.44,18.24
194,2021,6,67.0,59.49,60.57,58.3,60.43,61.54
194,2021,7,72.0,66.91,66.89,68.0,68.13,67.29
194,2021,8,66.0,64.31,63.25,62.07,63.02,63.6
194,2021,9,29.0,49.84,42.64,43.91,41.36,48.71
194,2021,10,20.0,29.78,22.97,29.66,23.39,27.02
194,2021,11,26.0,22.94,24.8,25.14,24.4,21.95
194,2021,12,12.0,12.55,12.13,14.97,11.4,10.03
194,2022,1,12.0,16.54,17.81,18.99,17.19,16.77
194,2022,2,21.0,16.05,16.17,15.96,16.05,16.53
194,2022,3,17.0,15.9,15.15,17.35,15.75,15.36
194,2022,4,15.0,22.37,23.5,21.88,22.44,23.03
194,2022,5,13.0,23.48,23.99,23.23,23.28,21.82
194,2022,6,39.0,43.52,46.61,47.76,47.35,43.01
194,2022,7,47.0,44.2,47.63,49.05,47.77,44.67
194,2022,8,60.0,54.34,52.26,51.42,52.71,54.47
194,2022,9,69.0,62.92,63.35,61.5,62.28,63.21
194,2022,10,37.0,36.93,37.66,39.67,37.83,39.82
194,2022,11,31.0,32.69,29.72,26.49,30.38,30.29
194,2022,12,15.0,16.3,14.87,18.11,15.62,14.24
194,2023,1,8.0,7.83,9.63,11.43,9.64,9.29
194,2023,2,10.0,11.67,10.55,11.39,10.26,13.34
194,2023,3,2.0,1.19,1.49,2.8,1.8,-0.23
194,2023,4,24.0,15.82,16.75,15.4,16.75,17.35
194,2023,5,20.0,20.04,21.73,24.1,21.09,17.49
194,2023,6,47.0,42.97,43.07,43.47,41.5,44.08
194,2023,7,52.0,52.84,55.94,53.87,55.19,54.16
194,2023,8,71.0,64.96,62.96,63.48,62.72,64.45
194,2023,9,66.0,58.74,57.14,54.42,57.06,59.67
194,2023,10,54.0,49.88,50.6,48.4,50.18,51.72
194,2023,11,37.0,35.94,36.24,37.8,37.73,37.28
194,2023,12,21.0,22.87,20.21,23.05,20.13,20.53
195,2021,3,21.0,20.43,18.71,14.82,18.16,18.32
195,2021,4,8.0,7.81,9.07,9.92,9.47,6.88
195,2021,5,11.0,14.7,16.87,15.72,16.73,16.23
195,2021,6,26.0,33.75,27.48,32.87,27.94,29.58
195,2021,7,57.0,54.04,57.22,56.1,57.46,54.45
195,2021,8,48.0,43.25,47.01,46.51,46.2,43.27
195,2021,9,54.0,60.44,59.64,58.02,59.29,58.78
195,2021,10,66.0,61.52,60.36,62.35,61.29,64.5
195,2021,11,53.0,44.05,47.54,45.98,48.3,48.02
195,2021,12,28.0,31.77,28.03,28.72,28.47,30.57
195,2022,1,5.0,14.92,15.27,14.29,14.4,15.93
195,2022,2,0.0,2.28,4.78,4.97,5.51,6.73
195,2022,3,4.0,9.17,9.64,12.02,10.05,6.6
195,2022,4,7.0,7.65,6.97,6.75,5.92,6.01
195,2022,5,16.0,13.02,11.75,11.22,12.27,12.59
195,2022,6,49.0,46.72,46.96,47.54,45.98,47.7
195,2022,7,54.0,51.08,50.95,51.47,51.23,51.3
195,2022,8,49.0,44.06,44.26,42.72,45.27,43.19
195,2022,9,43.0,45.55,43.37,42.28,45.25,46.9
195,2022,10,41.0,38.48,39.46,39.31,39.76,39.64
195,2022,11,34.0,28.38,26.9,25.02,26.74,28.88
195,2022,12,16.0,17.67,18.69,16.25,17.39,16.01
195,2023,1,16.0,10.17,12.34,11.32,12.34,12.92
195,2023,2,18.0,9.49,12.26,11.82,11.76,10.81
195,2023,3,19.0,19.44,19.13,18.01,18.66,18.87
195,2023,4,14.0,14.33,14.76,14.49,13.86,15.62
195,2023,5,20.0,22.41,22.15,21.88,22.05,22.28
195,2023,6,47.0,40.25,40.68,39.99,39.6,42.15
195,2023,7,53.0,53.33,54.62,53.25,55.28,53.73
195,2023,8,54.0,60.49,59.73,60.74,60.73,60.3
195,2023,9,57.0,56.71,54.86,55.83,55.15,55.43
195,2023,10,48.0,48.9,50.99,49.85,50.04,51.69
195,2023,11,24.0,28.72,29.85,26.46,29.73,29.36
195,2023,12,7.0,12.51,15.04,14.99,14.12,12.04
196,2021,3,33.0,26.1,25.31,25.51,24.13,22.05
196,2021,4,12.0,18.3,18.19,18.79,18.32,20.05
196,2021,5,20.0,25.28,22.99,22.76,23.05,24.36
196,2021,6,26.0,30.07,31.92,34.79,32.51,30.74
196,2021,7,56.0,50.79,51.46,51.36,50.28,48.42
196,2021,8,63.0,56.45,56.27,55.77,55.52,55.01
196,2021,9,56.0,60.0,59.26,61.17,59.71,57.79
196,2021,10,72.0,67.02,67.72,66.78,68.7,69.75
196,2021,11,36.0,36.48,37.61,37.61,37.84,37.94
196,2021,12,27.0,36.71,33.86,32.81,33.75,34.2
196,2022,1,10.0,12.13,14.2,14.62,13.65,12.38
196,2022,2,35.0,26.36,25.97,25.68,26.59,26.91
196,2022,3,9.0,5.32,7.11,8.14,6.86,5.23
196,2022,4,7.0,15.94,15.98,14.92,15.71,17.51
196,2022,5,20.0,18.5,17.25,16.95,18.68,16.41
196,2022,6,47.0,47.3,50.21,48.6,50.84,48.62
196,2022,7,42.0,41.31,45.07,43.11,45.98,41.35
196,2022,8,47.0,46.43,43.12,41.08,43.39,46.7
196,2022,9,64.0,61.08,60.66,62.09,61.79,60.07
196,2022,10,66.0,60.83,63.61,61.71,63.33,62.75
196,2022,11,37.0,38.84,41.99,41.85,41.34,42.11
196,2022,12,34.0,42.58,35.36,36.83,36.16,38.48
196,2023,1,16.0,8.68,10.51,12.49,9.91,10.6
196,2023,2,26.0,25.15,25.99,24.87,26.63,25.51
196,2023,3,17.0,13.63,13.43,16.99,14.27,14.39
196,2023,4,20.0,13.43,13.44,11.24,13.19,16.5
196,2023,5,22.0,14.56,14.03,14.21,14.6,15.72
196,2023,6,43.0,39.54,40.52,39.4,39.11,40.08
196,2023,7,47.0,46.65,50.3,46.38,48.0,47.85
196,2023,8,71.0,70.62,70.39,68.22,69.33,71.81
196,2023,9,57.0,58.27,58.34,59.96,58.87,58.65
196,2023,10,40.0,43.28,39.45,43.44,40.1,41.42
196,2023,11,42.0,32.87,37.74,39.51,39.09,36.58
196,2023,12,27.0,27.69,26.63,30.38,28.35,28.29
197,2021,3,16.0,17.74,17.72,15.65,17.57,18.88
197,2021,4,18.0,12.84,14.06,13.23,13.56,11.69
197,2021,5,55.0,38.55,36.2,30.66,35.82,40.41
197,2021,6,49.0,52.54,53.75,49.62,53.54,52.54
197,2021,7,56.0,66.81,65.75,64.92,67.25,67.85
197,2021,8,45.0,46.65,44.25,49.03,43.93,44.51
197,2021,9,32.0,43.63,37.76,42.9,39.46,37.8
197,2021,10,29.0,33.73,30.13,34.69,29.86,30.5
197,2021,11,46.0,26.0,23.29,27.28,24.29,26.64
197,2021,12,15.0,19.24,20.41,24.69,21.68,19.63
197,2022,1,4.0,9.99,9.83,9.22,9.9,13.87
197,2022,2,2.0,3.88,5.97,5.24,7.8,7.06
197,2022,3,0.0,-0.66,0.61,2.63,1.27,-1.23
197,2022,4,19.0,9.16,7.26,8.66,8.01,9.04
197,2022,5,0.0,6.03,5.37,9.22,6.75,4.12
197,2022,6,40.0,37.53,36.1,32.5,34.58,38.46
197,2022,7,58.0,52.48,57.4,56.54,58.88,56.15
197,2022,8,47.0,48.9,47.96,48.62,48.47,48.09
197,2022,9,73.0,80.63,66.53,68.38,66.28,78.43
197,2022,10,48.0,46.01,50.05,52.93,50.54,48.36
197,2022,11,38.0,41.81,41.88,40.45,42.75,43.35
197,2022,12,24.0,25.36,22.27,23.67,23.15,22.88
197,2023,1,5.0,4.21,9.06,9.17,9.06,5.13
197,2023,2,16.0,21.61,22.46,22.71,21.54,21.89
197,2023,3,32.0,23.41,23.1,21.05,23.29,22.35
197,2023,4,21.0,24.64,23.87,25.36,24.03,23.54
197,2023,5,15.0,20.18,19.48,21.29,21.61,23.74
197,2023,6,65.0,61.4,63.9,62.89,63.56,64.86
197,2023,7,60.0,55.81,57.12,58.7,57.88,53.76
197,2023,8,63.0,66.49,62.52,60.42,60.84,65.97
197,2023,9,64.0,57.73,56.54,54.71,55.66,58.1
197,2023,10,29.0,33.91,33.07,36.93,33.39,34.85
197,2023,11,45.0,44.73,42.84,44.62,43.89,40.93
197,2023,12,33.0,33.99,31.85,31.74,30.88,33.2
198,2021,3,21.0,21.09,20.69,21.77,20.97,19.62
198,2021,4,17.0,15.29,15.98,15.22,15.17,15.13
198,2021,5,32.0,31.04,30.17,29.06,30.03,29.67
198,2021,6,36.0,42.97,36.75,41.5,36.79,43.0
198,2021,7,53.0,56.55,59.78,55.55,58.98,56.59
198,2021,8,63.0,61.73,65.87,63.92,65.09,62.55
198,2021,9,48.0,60.92,57.1,62.95,54.48,60.32
198,2021,10,70.0,62.84,65.26,59.79,63.76,66.42
198,2021,11,39.0,38.22,41.01,42.34,39.72,39.31
198,2021,12,23.0,27.82,23.24,23.91,25.38,25.03
198,2022,1,33.0,30.06,30.61,29.96,30.48,29.23
198,2022,2,23.0,19.26,20.52,21.45,20.02,19.41
198,2022,3,22.0,27.58,27.3,27.77,27.25,26.27
198,2022,4,29.0,20.98,21.85,20.09,21.21,22.88
198,2022,5,23.0,27.26,24.26,25.1,24.86,24.67
198,2022,6,70.0,73.32,72.19,69.46,71.11,79.42
198,2022,7,76.0,73.36,77.22,72.93,75.92,74.08
198,2022,8,50.0,55.66,55.35,53.01,54.91,54.92
198,2022,9,38.0,46.92,39.77,43.81,40.37,43.97
198,2022,10,63.0,58.25,60.4,63.04,60.46,60.59
198,2022,11,64.0,47.84,52.34,51.75,49.51,50.7
198,2022,12,19.0,25.66,20.9,20.81,21.75,24.6
198,2023,1,17.0,17.79,17.41,15.88,17.32,20.39
198,2023,2,20.0,19.84,21.32,23.26,21.39,19.53
198,2023,3,30.0,29.76,27.13,27.76,28.44,29.95
198,2023,4,9.0,9.59,9.62,10.79,9.51,8.78
198,2023,5,31.0,39.04,33.72,32.17,33.56,36.95
198,2023,6,44.0,43.62,45.48,49.69,47.4,43.79
198,2023,7,63.0,55.29,56.18,54.7,55.7,54.87
198,2023,8,43.0,49.3,49.62,50.2,50.09,49.35
198,2023,9,56.0,51.3,47.94,47.11,48.81,48.9
198,2023,10,54.0,51.85,54.55,54.03,53.31,54.84
198,2023,11,33.0,36.68,35.1,39.74,36.63,36.82
198,2023,12,29.0,29.95,26.71,29.44,26.51,28.11
